id;nome;imagem;imagem_content_type
1;Shoes Music connect;../data/blob/hipster.png;image/png
2;Hollow Shoes systems;../data/blob/hipster.png;image/png
3;Generic Frozen Tuna HTTP;../data/blob/hipster.png;image/png
4;implement;../data/blob/hipster.png;image/png
5;Optimization Cambridgeshire;../data/blob/hipster.png;image/png
6;payment Soap;../data/blob/hipster.png;image/png
7;Web;../data/blob/hipster.png;image/png
8;Outdoors New York Data;../data/blob/hipster.png;image/png
9;Jamaican Dollar North Carolina;../data/blob/hipster.png;image/png
10;Station;../data/blob/hipster.png;image/png
